Name,Full-Path,Last-Modified,Data-Created,File-Extension
ONETOONE.JPG,/root/Desktop/metasquare/ONETOONE.JPG,2020/07/11 11:01:52,2020/07/11 11:01:52,.JPG
bird.jpeg,/root/Desktop/metasquare/bird.jpeg,2020/07/11 11:01:52,2020/07/11 11:01:52,.jpeg
blob_file.h,/root/Desktop/metasquare/blob_file.h,2020/07/11 11:01:52,2020/07/11 11:01:52,.h
ROAD.JPG,/root/Desktop/metasquare/ROAD.JPG,2020/07/11 11:01:52,2020/07/11 11:01:52,.JPG
HOUSE.JPG,/root/Desktop/metasquare/HOUSE.JPG,2020/07/11 11:01:52,2020/07/11 11:01:52,.JPG
leafmask.jpg,/root/Desktop/metasquare/leafmask.jpg,2020/07/11 11:01:52,2020/07/11 11:01:52,.jpg
leaf.jpg,/root/Desktop/metasquare/leaf.jpg,2020/07/11 11:01:52,2020/07/11 11:01:52,.jpg
Fan.tif,/root/Desktop/metasquare/Fan.tif,2020/07/11 11:01:52,2020/07/11 11:01:52,.tif
TOWER.JPG,/root/Desktop/metasquare/TOWER.JPG,2020/07/11 11:01:52,2020/07/11 11:01:52,.JPG
.DS_Store,/root/Desktop/metasquare/.DS_Store,2020/07/11 11:01:52,2020/07/11 11:01:52,.JPG
sample-mpg-file.mpg,/root/Desktop/metasquare/sample-mpg-file.mpg,2020/07/11 11:01:52,2020/07/11 11:01:52,.mpg
Macbeth Adobe RGB.TIF,/root/Desktop/metasquare/Macbeth Adobe RGB.TIF,2020/07/11 11:01:52,2020/07/11 11:01:52,.TIF
Elephant far.jpg,/root/Desktop/metasquare/Elephant far.jpg,2020/07/11 11:01:52,2020/07/11 11:01:52,.jpg
castle.jpg,/root/Desktop/metasquare/castle.jpg,2020/07/11 11:01:52,2020/07/11 11:01:52,.jpg
SKYLINE.JPG,/root/Desktop/metasquare/SKYLINE.JPG,2020/07/11 11:01:52,2020/07/11 11:01:52,.JPG
blob_db.cc,/root/Desktop/metasquare/blob_db.cc,2020/07/11 11:01:52,2020/07/11 11:01:52,.cc
ARCHMASK.JPG,/root/Desktop/metasquare/ARCHMASK.JPG,2020/07/11 11:01:52,2020/07/11 11:01:52,.JPG
blob_db.h,/root/Desktop/metasquare/blob_db.h,2020/07/11 11:01:52,2020/07/11 11:01:52,.h
blob_file.cc,/root/Desktop/metasquare/blob_file.cc,2020/07/11 11:01:52,2020/07/11 11:01:52,.cc
stereol.jpg,/root/Desktop/metasquare/stereol.jpg,2020/07/11 11:01:52,2020/07/11 11:01:52,.jpg
Elephants.lyt,/root/Desktop/metasquare/Elephants.lyt,2020/07/11 11:01:52,2020/07/11 11:01:52,.lyt
PW35.BrowseInfo,/root/Desktop/metasquare/PW35.BrowseInfo,2020/07/11 11:01:52,2020/07/11 11:01:52,.BrowseInfo
util,/root/Desktop/metasquare/util,2020/07/11 11:01:52,2020/07/11 11:01:52,.BrowseInfo
LANDSCAP.JPG,/root/Desktop/metasquare/LANDSCAP.JPG,2020/07/11 11:01:52,2020/07/11 11:01:52,.JPG
Elephant close.jpg,/root/Desktop/metasquare/Elephant close.jpg,2020/07/11 11:01:52,2020/07/11 11:01:52,.jpg
blob_db_listener.h,/root/Desktop/metasquare/blob_db_listener.h,2020/07/11 11:01:52,2020/07/11 11:01:52,.h
HICNTRST.JPG,/root/Desktop/metasquare/HICNTRST.JPG,2020/07/11 11:01:52,2020/07/11 11:01:52,.JPG
blob_db_iterator.h,/root/Desktop/metasquare/blob_db_iterator.h,2020/07/11 11:01:52,2020/07/11 11:01:52,.h
Fisheye.jpg,/root/Desktop/metasquare/Fisheye.jpg,2020/07/11 11:01:52,2020/07/11 11:01:52,.jpg
Macbeth Chrome 2000 D65.TIF,/root/Desktop/metasquare/Macbeth Chrome 2000 D65.TIF,2020/07/11 11:01:52,2020/07/11 11:01:52,.TIF
meetmask.jpg,/root/Desktop/metasquare/meetmask.jpg,2020/07/11 11:01:52,2020/07/11 11:01:52,.jpg
blob_dump_tool.h,/root/Desktop/metasquare/blob_dump_tool.h,2020/07/11 11:01:52,2020/07/11 11:01:52,.h
PYRAMID.JPG,/root/Desktop/metasquare/PYRAMID.JPG,2020/07/11 11:01:52,2020/07/11 11:01:52,.JPG
tools,/root/Desktop/metasquare/tools,2020/07/11 11:01:52,2020/07/11 11:01:52,.JPG
meeting.jpg,/root/Desktop/metasquare/meeting.jpg,2020/07/11 11:01:52,2020/07/11 11:01:52,.jpg
blob_log_reader.h,/root/Desktop/metasquare/blob_log_reader.h,2020/07/11 11:01:52,2020/07/11 11:01:52,.h
blob_db_impl.cc,/root/Desktop/metasquare/blob_db_impl.cc,2020/07/11 11:01:52,2020/07/11 11:01:52,.cc
blob_db_test.cc,/root/Desktop/metasquare/blob_db_test.cc,2020/07/11 11:01:52,2020/07/11 11:01:52,.cc
utilities,/root/Desktop/metasquare/utilities,2020/07/11 11:01:52,2020/07/11 11:01:52,.cc
blob_log_reader.cc,/root/Desktop/metasquare/blob_log_reader.cc,2020/07/11 11:01:52,2020/07/11 11:01:52,.cc
Gray Wedge 15.tif,/root/Desktop/metasquare/Gray Wedge 15.tif,2020/07/11 11:01:52,2020/07/11 11:01:52,.tif
ARCH.JPG,/root/Desktop/metasquare/ARCH.JPG,2020/07/11 11:01:52,2020/07/11 11:01:52,.JPG
rhino.jpg,/root/Desktop/metasquare/rhino.jpg,2020/07/11 11:01:52,2020/07/11 11:01:52,.jpg
stereor.jpg,/root/Desktop/metasquare/stereor.jpg,2020/07/11 11:01:52,2020/07/11 11:01:52,.jpg
trace_replay,/root/Desktop/metasquare/trace_replay,2020/07/11 11:01:52,2020/07/11 11:01:52,.jpg
grassland1.jpg,/root/Desktop/metasquare/grassland1.jpg,2020/07/11 11:01:52,2020/07/11 11:01:52,.jpg
blob_log_format.cc,/root/Desktop/metasquare/blob_log_format.cc,2020/07/11 11:01:52,2020/07/11 11:01:52,.cc
WOMANBLU.JPG,/root/Desktop/metasquare/WOMANBLU.JPG,2020/07/11 11:01:52,2020/07/11 11:01:52,.JPG
blob_db_gc_stats.h,/root/Desktop/metasquare/blob_db_gc_stats.h,2020/07/11 11:01:52,2020/07/11 11:01:52,.h
seamtn.jpg,/root/Desktop/metasquare/seamtn.jpg,2020/07/11 11:01:52,2020/07/11 11:01:52,.jpg
blob_log_writer.h,/root/Desktop/metasquare/blob_log_writer.h,2020/07/11 11:01:52,2020/07/11 11:01:52,.h
Macbeth Chrome 2000 D50.TIF,/root/Desktop/metasquare/Macbeth Chrome 2000 D50.TIF,2020/07/11 11:01:52,2020/07/11 11:01:52,.TIF
blob_db_impl.h,/root/Desktop/metasquare/blob_db_impl.h,2020/07/11 11:01:52,2020/07/11 11:01:52,.h
oldphoto.jpg,/root/Desktop/metasquare/oldphoto.jpg,2020/07/11 11:01:52,2020/07/11 11:01:52,.jpg
tropical.jpg,/root/Desktop/metasquare/tropical.jpg,2020/07/11 11:01:52,2020/07/11 11:01:52,.jpg
PRPLFLWR.JPG,/root/Desktop/metasquare/PRPLFLWR.JPG,2020/07/11 11:01:52,2020/07/11 11:01:52,.JPG
MTRCYCLE.JPG,/root/Desktop/metasquare/MTRCYCLE.JPG,2020/07/11 11:01:52,2020/07/11 11:01:52,.JPG
blob_compaction_filter.cc,/root/Desktop/metasquare/blob_compaction_filter.cc,2020/07/11 11:01:52,2020/07/11 11:01:52,.cc
blob_log_writer.cc,/root/Desktop/metasquare/blob_log_writer.cc,2020/07/11 11:01:52,2020/07/11 11:01:52,.cc
blob_log_format.h,/root/Desktop/metasquare/blob_log_format.h,2020/07/11 11:01:52,2020/07/11 11:01:52,.h
Macbeth sRGB.TIF,/root/Desktop/metasquare/Macbeth sRGB.TIF,2020/07/11 11:01:52,2020/07/11 11:01:52,.TIF
blob_dump_tool.cc,/root/Desktop/metasquare/blob_dump_tool.cc,2020/07/11 11:01:52,2020/07/11 11:01:52,.cc
blob_compaction_filter.h,/root/Desktop/metasquare/blob_compaction_filter.h,2020/07/11 11:01:52,2020/07/11 11:01:52,.h
Bottles.jpg,/root/Desktop/metasquare/Bottles.jpg,2020/07/11 11:01:52,2020/07/11 11:01:52,.jpg
USERS.md,/root/Desktop/metasquare/USERS.md,2020/07/11 11:01:52,2020/07/11 11:01:52,.md
Aberration.tif,/root/Desktop/metasquare/Aberration.tif,2020/07/11 11:01:52,2020/07/11 11:01:52,.tif
blob_db_impl_filesnapshot.cc,/root/Desktop/metasquare/blob_db_impl_filesnapshot.cc,2020/07/11 11:01:52,2020/07/11 11:01:52,.cc
